{
  "timestamp": "2025-08-24T19:14:14.502420",
  "num_methods": 3,
  "method_names": [
    "Basic Computer Vision",
    "Advanced Computer Vision",
    "Deep Learning Inspired"
  ],
  "inter_method_agreement": {
    "num_methods": 3,
    "method_names": [
      "Basic Computer Vision",
      "Advanced Computer Vision",
      "Deep Learning Inspired"
    ],
    "pairwise_agreements": {
      "Basic Computer Vision_vs_Advanced Computer Vision": {
        "iou": 0.24490665796048663,
        "jaccard_similarity": 0.24490665796048663,
        "pixel_agreement": 0.2898684838973799
      },
      "Basic Computer Vision_vs_Deep Learning Inspired": {
        "iou": 0.5018507820356463,
        "jaccard_similarity": 0.5018507820356463,
        "pixel_agreement": 0.8510720865174672
      },
      "Advanced Computer Vision_vs_Deep Learning Inspired": {
        "iou": 0.21776684266771498,
        "jaccard_similarity": 0.21776684266771498,
        "pixel_agreement": 0.2617677913482533
      }
    },
    "overall_agreement": {
      "mean_iou": 0.3215080942212826,
      "std_iou": 0.12800196920259524,
      "min_iou": 0.21776684266771498,
      "max_iou": 0.5018507820356463,
      "mean_jaccard": 0.3215080942212826,
      "std_jaccard": 0.12800196920259524
    },
    "consensus_analysis": {
      "full_agreement_change_pixels": 137967,
      "full_agreement_no_change_pixels": 50900,
      "partial_agreement_pixels": 749117,
      "full_agreement_percentage": 20.13541808815502,
      "consensus_mask_mean": 0.46150708198547363,
      "consensus_mask_std": 0.26653602719306946
    },
    "agreement_level": "Low"
  },
  "confidence_intervals": {
    "confidence_level": 0.95,
    "sample_size": 3,
    "change_pixels": {
      "mean": 432886.3333333333,
      "std": 385184.94368463225,
      "ci_lower": -523966.11126023106,
      "ci_upper": 1389738.7779268976,
      "margin_error": 956852.4445935644
    },
    "num_regions": {
      "mean": 245.33333333333334,
      "std": 291.5035734486514,
      "ci_lower": -478.8016865714701,
      "ci_upper": 969.4683532381368,
      "margin_error": 724.1350199048035
    },
    "processing_time": {
      "mean": 0.1858497460683187,
      "std": 0.2122875190182492,
      "ci_lower": -0.34150168565229433,
      "ci_upper": 0.7132011777889318,
      "margin_error": 0.527351431720613
    },
    "average_confidence": {
      "mean": 0.2775657875386587,
      "std": 0.15997949163723998,
      "ci_lower": -1.1597929172966341,
      "ci_upper": 1.7149244923739513,
      "margin_error": 1.4373587048352927
    }
  }
}