{
  "timestamp": "2025-08-24T19:51:15.439895",
  "num_methods": 3,
  "method_names": [
    "Basic Computer Vision",
    "Advanced Computer Vision",
    "Deep Learning Inspired"
  ],
  "inter_method_agreement": {
    "num_methods": 3,
    "method_names": [
      "Basic Computer Vision",
      "Advanced Computer Vision",
      "Deep Learning Inspired"
    ],
    "pairwise_agreements": {
      "Basic Computer Vision_vs_Advanced Computer Vision": {
        "iou": 0.24490665796048663,
        "jaccard_similarity": 0.24490665796048663,
        "pixel_agreement": 0.2898684838973799
      },
      "Basic Computer Vision_vs_Deep Learning Inspired": {
        "iou": 0.5018507820356463,
        "jaccard_similarity": 0.5018507820356463,
        "pixel_agreement": 0.8510720865174672
      },
      "Advanced Computer Vision_vs_Deep Learning Inspired": {
        "iou": 0.21776684266771498,
        "jaccard_similarity": 0.21776684266771498,
        "pixel_agreement": 0.2617677913482533
      }
    },
    "overall_agreement": {
      "mean_iou": 0.3215080942212826,
      "std_iou": 0.12800196920259524,
      "min_iou": 0.21776684266771498,
      "max_iou": 0.5018507820356463,
      "mean_jaccard": 0.3215080942212826,
      "std_jaccard": 0.12800196920259524
    },
    "consensus_analysis": {
      "full_agreement_change_pixels": 137967,
      "full_agreement_no_change_pixels": 50900,
      "partial_agreement_pixels": 749117,
      "full_agreement_percentage": 20.13541808815502,
      "consensus_mask_mean": 0.46150708198547363,
      "consensus_mask_std": 0.26653602719306946
    },
    "agreement_level": "Low"
  },
  "confidence_intervals": {
    "confidence_level": 0.95,
    "sample_size": 3,
    "change_pixels": {
      "mean": 432886.3333333333,
      "std": 385184.94368463225,
      "ci_lower": -523966.11126023106,
      "ci_upper": 1389738.7779268976,
      "margin_error": 956852.4445935644
    },
    "num_regions": {
      "mean": 187.0,
      "std": 176.8502191121063,
      "ci_lower": -252.320298622248,
      "ci_upper": 626.320298622248,
      "margin_error": 439.320298622248
    },
    "processing_time": {
      "mean": 0.20591012636820474,
      "std": 0.24568869726771536,
      "ci_lower": -0.4044144318577739,
      "ci_upper": 0.8162346845941834,
      "margin_error": 0.6103245582259786
    },
    "average_confidence": {
      "mean": 0.28316770666497193,
      "std": 0.1679018016409894,
      "ci_lower": -1.2253701295061914,
      "ci_upper": 1.7917055428361355,
      "margin_error": 1.5085378361711634
    }
  }
}